{
    "laparoscopic cholecystectomy": 1.5714285714285714,
    "total gastrectomy": 1.4615384615384615,
    "subtotal gastrectomy": 1.875,
    "exploratory laparotomy": 2.1666666666666665,
    "low anterior resection": 3.0,
    "hemicolectomy": 1.8148148148148149,
    "lobectomy of liver": 2.657142857142857,
    "wedge resection of liver": 1.9130434782608696,
    "mastectomy": 1.0,
    "pylorus preserving pancreaticoduodenectomy": 1.6521739130434783,
    "bilateral thyroidectomy": 1.6666666666666667,
    "excision of retroperitoneal mass": 7.642857142857143,
    "renal allograft": 2.4271844660194173,
    "liver transplantation": 6.125,
    "laminectomy": 2.142857142857143,
    "posterior spinal fusion": 2.4408602150537635,
    "excision of lesion of spinal cord": 2.2,
    "laminoplasty & cervical": 1.7142857142857142,
    "removal of spinal body tumor": 5.0,
    "craniotomy and removal of brain tumor": 2.317948717948718,
    "cranioplasty": 1.7540983606557377,
    "discectomy": 2.297872340425532,
    "transsphenoidal approach & removal of tumor": 2.142857142857143,
    "removal of ich": 1.7391304347826086,
    "c/o & clipping of aneurysm": 2.3636363636363638,
    "c/o & grid insertion ob&gyn": 2.0344827586206895,
    "total abdominal hysterectomy": 2.8448275862068964,
    "low cervical cesarean section": 4.32,
    "myomectomy & uterus": 1.4,
    "operative laparoscope ovarian cystectomy": 2.0,
    "graft replacement of aorta": 7.0,
    "aortic valve replacement": 2.880952380952381,
    "mitral valve replacement": 3.3,
    "pda ligation": 5.296296296296297,
    "lobectomy of lung": 3.1052631578947367,
    "lung transplantation": 11.0,
    "total knee replacement": 1.7207977207977208,
    "total hip replacement": 1.4838709677419355,
    "partial nephrectomy": 2.2857142857142856,
    "nephrectomy": 3.2941176470588234,
    "radical cystectomy": 3.6,
    "transurethral resection of prostate": 2.0,
    "prostatectomy": 2.1153846153846154,
    "transurethral resection of bladder tumor": 1.7777777777777777,
    "mn: b-ivro setback": 2.4375
}